snr_db,crb_L,crb_v,crb_th,crb_pos,L_argmax,L_ml,v_fft,v_ml,th_grid,th_ml,pos_coarse,pos_ml
-30,0.111527,0.034609,0.0139288,0.148606,2.92699,2.87457,82.2651,76.4606,0.0670712,0.0676916,2.07853,2.03575
-28,0.0885888,0.0274909,0.0110641,0.118042,1.96854,1.98311,64.8813,53.6765,0.0117574,0.0115687,1.35918,1.37603
-26,0.0703686,0.0218368,0.00878851,0.0937642,0.64049,0.701612,40.2472,18.4406,0.00946344,0.0091219,0.453694,0.489273
-24,0.0558957,0.0173456,0.00698096,0.0744796,0.0679956,0.0571253,8.35356,0.0191392,0.0076932,0.00719677,0.0849987,0.0767818
-22,0.0443996,0.0137781,0.00554517,0.0591612,0.0580187,0.0446302,0.092338,0.0151792,0.00609059,0.00553675,0.0680627,0.0594832
-20,0.0352678,0.0109443,0.00440469,0.0469934,0.0509697,0.0363693,0.0922298,0.0113565,0.00527564,0.00470149,0.0595582,0.0496596
-18,0.0280142,0.0086934,0.00349877,0.0373282,0.0457153,0.0274062,0.0896541,0.00885619,0.00425952,0.0033959,0.0502922,0.0364632
-16,0.0222525,0.00690541,0.00277917,0.0296509,0.0421445,0.0225254,0.0910317,0.00696344,0.00371964,0.00280613,0.044211,0.0298361
-14,0.0176758,0.00548516,0.00220757,0.0235525,0.0397227,0.0174271,0.0919376,0.00568849,0.00334471,0.00225455,0.0406674,0.0238076
-12,0.0140404,0.00435702,0.00175354,0.0187084,0.0391856,0.0140091,0.0887073,0.00449329,0.00307644,0.00178708,0.0387489,0.0187751
-10,0.0111527,0.0034609,0.00139288,0.0148606,0.0372516,0.0110988,0.089898,0.00344606,0.00285438,0.00139878,0.0364531,0.0148438
-8,0.00885888,0.00274909,0.00110641,0.0118042,0.0378565,0.00891612,0.0894585,0.00274413,0.00274999,0.00113253,0.0355434,0.0122346
-6,0.00703686,0.00218368,0.000878851,0.00937642,0.037182,0.00728982,0.0902495,0.00215893,0.00263163,0.000860128,0.0348806,0.00935546
-4,0.00558957,0.00173456,0.000698096,0.00744796,0.0366398,0.00549747,0.0908466,0.00166125,0.00254072,0.000679815,0.0341731,0.0073046
-2,0.00443996,0.00137781,0.000554517,0.00591612,0.0363417,0.00455602,0.090664,0.00139755,0.00259074,0.000583286,0.0339356,0.00616513
0,0.00352678,0.00109443,0.000440469,0.00469934,0.036124,0.00337907,0.0884575,0.00107482,0.00257061,0.000434396,0.0336702,0.00460509
2,0.00280142,0.00086934,0.000349877,0.00373282,0.0354926,0.00278586,0.089613,0.000852114,0.00253833,0.000345286,0.0333837,0.00370577
4,0.00222525,0.000690541,0.000277917,0.00296509,0.036754,0.00226731,0.0888176,0.000714212,0.00251913,0.000275632,0.0339303,0.00297369
6,0.00176758,0.000548516,0.000220757,0.00235525,0.0362013,0.00175557,0.0892102,0.000542869,0.00258325,0.000214266,0.0343107,0.00233909
8,0.00140404,0.000435702,0.000175354,0.00187084,0.0365185,0.00139786,0.091193,0.000437764,0.00255752,0.000185121,0.033208,0.001938
10,0.00111527,0.00034609,0.000139288,0.00148606,0.0353256,0.00108573,0.0875,0.000346933,0.00250622,0.000142635,0.0329616,0.00148954
12,0.000885888,0.000274909,0.000110641,0.00118042,0.035698,0.000874685,0.0887127,0.000276647,0.00251357,0.0001101,0.0333154,0.00115797
14,0.000703686,0.000218368,8.78851e-05,0.000937642,0.0364273,0.000706826,0.0881372,0.000222756,0.00252185,9.24435e-05,0.0334306,0.000972585
16,0.000558957,0.000173456,6.98096e-05,0.000744796,0.036406,0.000557096,0.0909237,0.000171609,0.00255592,6.93215e-05,0.0340524,0.000748024
18,0.000443996,0.000137781,5.54517e-05,0.000591612,0.0364215,0.000439859,0.0892756,0.000140419,0.00247206,5.7212e-05,0.0335123,0.000600864
20,0.000352678,0.000109443,4.40469e-05,0.000469934,0.0350966,0.000354164,0.0886769,0.000108878,0.00254388,4.38286e-05,0.0332172,0.000469472
